{
  "repair_vans": [
    "repair_van_1.jpg",
    "repair_van_2.jpg"
  ],
  "technicians": [
    "technician_1.jpg",
    "technician_2.jpg",
    "technician_3.jpg"
  ],
  "tools_workshop": [
    "tools_1.jpg",
    "tools_2.jpg",
    "workshop_1.jpg"
  ],
  "customer_service": [
    "customer_service_1.jpg",
    "customer_service_2.jpg"
  ],
  "appliance_repair": [
    "washing_machine_repair.jpg",
    "appliance_repair_1.jpg"
  ],
  "quality_assurance": [
    "quality_check.jpg",
    "professional_service.jpg"
  ]
}