[
  {
    "id": "bosch-integrated-washer-dryer-wkd28542gb",
    "name": "Bosch Integrated Washer Dryer WKD28542GB",
    "brand": "Bosch",
    "price": 549.0,
    "currency": "GBP",
    "description": "7kg wash, 4kg dry capacity integrated washer dryer with VarioPerfect technology",
    "specifications": {
      "capacity": "7kg",
      "drying_capacity": "4kg",
      "energy_rating": "D",
      "spin_speed": "1400rpm"
    },
    "in_stock": true,
    "warranty": "12 months",
    "installation_available": true,
    "category": "washer-dryers",
    "subcategory": "integrated",
    "features": ["VarioPerfect", "EcoSilence Drive", "Anti-vibration"]
  },
  {
    "id": "hotpoint-washer-dryer-rdg9643ksukn",
    "name": "Hotpoint Washer Dryer RDG9643KSUKN",
    "brand": "Hotpoint",
    "price": 429.0,
    "currency": "GBP", 
    "description": "9kg wash, 6kg dry capacity freestanding washer dryer",
    "specifications": {
      "capacity": "9kg",
      "drying_capacity": "6kg", 
      "energy_rating": "D",
      "spin_speed": "1400rpm"
    },
    "in_stock": true,
    "warranty": "12 months",
    "installation_available": true,
    "category": "washer-dryers",
    "subcategory": "freestanding",
    "features": ["Steam Hygiene", "Anti-Stain", "Woolmark Approved"]
  },
  {
    "id": "beko-built-in-electric-single-oven-aes33x",
    "name": "Beko Built-in Electric Single Oven AES33X",
    "brand": "Beko",
    "price": 289.0,
    "currency": "GBP",
    "description": "65L capacity electric single oven with 8 cooking functions",
    "specifications": {
      "type": "Electric",
      "capacity": "65L",
      "energy_rating": "A",
      "functions": "8"
    },
    "in_stock": true,
    "warranty": "12 months",
    "installation_available": true,
    "category": "ovens",
    "subcategory": "single-built-in",
    "features": ["Fan cooking", "Grill function", "Easy clean enamel"]
  },
  {
    "id": "hotpoint-double-built-in-electric-oven-dd2540ix",
    "name": "Hotpoint Double Built-in Electric Oven DD2540IX",
    "brand": "Hotpoint",
    "price": 429.0,
    "currency": "GBP",
    "description": "115L total capacity double electric oven with catalytic cleaning",
    "specifications": {
      "type": "Electric",
      "capacity": "115L",
      "energy_rating": "A",
      "functions": "9"
    },
    "in_stock": true,
    "warranty": "12 months", 
    "installation_available": true,
    "category": "ovens",
    "subcategory": "double-built-in",
    "features": ["Catalytic cleaning", "Multifunction", "Timer"]
  },
  {
    "id": "bosch-built-in-single-oven-hbg634bs1b",
    "name": "Bosch Built-in Single Oven HBG634BS1B",
    "brand": "Bosch",
    "price": 379.0,
    "currency": "GBP",
    "description": "71L capacity single oven with 13 heating methods",
    "specifications": {
      "type": "Electric",
      "capacity": "71L",
      "energy_rating": "A+",
      "functions": "13"
    },
    "in_stock": true,
    "warranty": "12 months",
    "installation_available": true,
    "category": "ovens", 
    "subcategory": "single-built-in",
    "features": ["3D Hot Air", "EcoClean Direct", "LED Display"]
  },
  {
    "id": "beko-50cm-electric-cooker-kdc533aw",
    "name": "Beko 50cm Electric Cooker KDC533AW",
    "brand": "Beko",
    "price": 329.0,
    "currency": "GBP",
    "description": "50cm wide electric cooker with ceramic hob and 65L oven",
    "specifications": {
      "width": "50cm",
      "type": "Electric",
      "oven_capacity": "65L",
      "hob_type": "Ceramic"
    },
    "in_stock": true,
    "warranty": "12 months",
    "installation_available": true,
    "category": "cookers",
    "subcategory": "electric-freestanding", 
    "features": ["4 zone ceramic hob", "Fan oven", "Grill function"]
  },
  {
    "id": "hotpoint-electric-range-cooker-hd5v93ccx",
    "name": "Hotpoint Electric Range Cooker HD5V93CCX",
    "brand": "Hotpoint", 
    "price": 679.0,
    "currency": "GBP",
    "description": "90cm electric range cooker with 5 zone ceramic hob",
    "specifications": {
      "width": "90cm",
      "type": "Electric", 
      "oven_capacity": "89L",
      "hob_zones": "5"
    },
    "in_stock": true,
    "warranty": "12 months",
    "installation_available": true,
    "category": "cookers",
    "subcategory": "range-cookers",
    "features": ["Twin cavity ovens", "5 zone hob", "Programmable timer"]
  },
  {
    "id": "indesit-electric-cooker-i6evaw",
    "name": "Indesit Electric Cooker I6EVAW",
    "brand": "Indesit",
    "price": 369.0,
    "currency": "GBP",
    "description": "60cm electric cooker with 4 zone ceramic hob",
    "specifications": {
      "width": "60cm",
      "type": "Electric",
      "oven_capacity": "59L", 
      "hob_type": "Ceramic"
    },
    "in_stock": true,
    "warranty": "12 months",
    "installation_available": true,
    "category": "cookers",
    "subcategory": "electric-freestanding",
    "features": ["Easy clean oven", "Variable grill", "Storage compartment"]
  }
] 