{
  "total_products": 27,
  "categories": {
    "dishwashers": {
      "count": 2,
      "brands": [
        "Beko",
        "Bosch"
      ],
      "price_range": {
        "min": 285.0,
        "max": 285.0
      }
    },
    "tumble-dryers": {
      "count": 5,
      "brands": [
        "Indesit",
        "Beko",
        "Statesman"
      ],
      "price_range": {
        "min": 209.99,
        "max": 279.99
      }
    },
    "washing-machines": {
      "count": 10,
      "brands": [
        "Cda",
        "Indesit",
        "Hotpoint",
        "Beko",
        "Bosch"
      ],
      "price_range": {
        "min": 330.0,
        "max": 450.0
      }
    },
    "appliances": {
      "count": 1,
      "brands": [
        "Statesman"
      ],
      "price_range": {
        "min": 399.99,
        "max": 399.99
      }
    },
    "washer-dryers": {
      "count": 3,
      "brands": [
        "Indesit",
        "Beko"
      ],
      "price_range": {
        "min": 399.99,
        "max": 419.99
      }
    },
    "ovens": {
      "count": 3,
      "brands": [
        "Hotpoint",
        "Beko",
        "Statesman"
      ],
      "price_range": {
        "min": 199.0,
        "max": 409.99
      }
    },
    "cookers": {
      "count": 3,
      "brands": [
        "Belling",
        "Leisure"
      ],
      "price_range": {
        "min": 1179.99,
        "max": 1199.0
      }
    }
  },
  "brands": [
    "Leisure",
    "Cda",
    "Statesman",
    "Indesit",
    "Belling",
    "Hotpoint",
    "Beko",
    "Bosch"
  ],
  "date_updated": "2025-06-19"
}