[
  {
    "id": "beko-5-wash-programmes-dfn05r10-freestanding-dishw",
    "name": "Beko 5 Wash Programmes DFN05R10 – Freestanding Dishwasher",
    "brand": "Beko",
    "price": 285.0,
    "currency": "GBP",
    "description": "£285.00 Beko 5 Wash Programmes DFN05R10 – Freestanding DishwasherKey Features at a Glance Easy to use and energy efficient, this full size dishwasher comes with a choice of 5 programmes, including our quick Mini 30′ programme which washes a full load in just 30 minutes. Features quick programmes, half load functions and folding plate supports. Make an Enquiry",
    "specifications": {
      "energy_rating": "B"
    },
    "in_stock": true,
    "warranty": "12 months",
    "installation_available": true,
    "scraped_at": "2025-06-19T15:31:31.835291",
    "category": "dishwashers",
    "subcategory": "freestanding",
    "features": [
      "Wash Program",
      "Features quick program",
      "half load function",
      "5 programmes",
      "energy efficient"
    ]
  },
  {
    "id": "bosch-serie-2-activewater-dishwasher-60cm-fully-in",
    "name": "Bosch Serie | 2 ActiveWater Dishwasher 60cm Fully Integrated",
    "brand": "Bosch",
    "price": null,
    "currency": "GBP",
    "description": "£???.?? Bosch Serie | 2 ActiveWater Dishwasher 60cm Fully IntegratedKey Features at a Glance Height-adjustable top basket: More flexibility to accomodate larger items.VarioSpeed: cleans in up to half the time with optimum cleaning and drying results.AquaStop: 100% lifetime warranty for water damages guaranteed.Glass protection technology: extra gentle handling for your delicate glasses.EcoSilence Drive: powerful, durable, quiet and efficient. Make an Enquiry",
    "specifications": {
      "energy_rating": "B"
    },
    "in_stock": true,
    "warranty": "12 months",
    "installation_available": true,
    "scraped_at": "2025-06-19T15:31:31.836992",
    "category": "dishwashers",
    "subcategory": "integrated",
    "features": [
      "Glass protection technology"
    ]
  },
  {
    "id": "indesit-cyda81wwgluk-freestanding-vented-tumble-dryer",
    "name": "Indesit CYDA81WWGLUK Freestanding Vented Tumble Dryer",
    "brand": "Indesit",
    "price": 279.99,
    "currency": "GBP",
    "description": "Best price on Indesit in Brighton, Haywards Heath, Worthing, Storrington and Horsham Sussex? We have a huge selection  on display. Buy online or visit in store for Indesit CYDA81WWGLUK 8kg Vented Tumble Dryer - White",
    "specifications": {
      "capacity": "8",
      "energy_rating": "B"
    },
    "in_stock": true,
    "warranty": "12 months",
    "installation_available": true,
    "scraped_at": "2025-06-19T16:35:07.871736",
    "category": "tumble-dryers",
    "subcategory": "vented",
    "features": [
      "8kg Vented Tumble Dryer - White",
      "Colour: White",
      "67db noise level",
      "8kg Load TumbleDryer",
      "Energy Rating"
    ],
    "images": [
      "https://www.cartersdirect.co.uk/media/catalog/product/cache/9863e674de07746d469f166832d7da23/i/n/indcyda81wwgluk_1.jpg",
      "https://www.cartersdirect.co.uk/media/catalog/product/cache/ea8396ccd1fe3eb6e08c74c7e37143a5/i/n/indcyda81wwgluk_1.jpg",
      "https://www.cartersdirect.co.uk/media/catalog/product/cache/ea8396ccd1fe3eb6e08c74c7e37143a5/i/n/indcyda81wwgluk_2.jpg",
      "https://www.cartersdirect.co.uk/media/catalog/product/cache/ea8396ccd1fe3eb6e08c74c7e37143a5/i/n/indcyda81wwgluk_main.jpg",
      "https://www.cartersdirect.co.uk/media/catalog/product/cache/ea8396ccd1fe3eb6e08c74c7e37143a5/i/n/indcyda81wwgluk_4.jpg"
    ],
    "dimensions": "846mm (h)  x \n    597mm (w)  x \n    584mm (d)",
    "model": "CYDA81WWGLUK",
    "url": "https://www.cartersdirect.co.uk/indesit-cyda81wwgluk.html"
  },
  {
    "id": "indesit-nis41v-compact-tumble-dryer",
    "name": "Indesit NIS41V Compact Tumble Dryer",
    "brand": "Indesit",
    "price": 229.99,
    "currency": "GBP",
    "description": "Best price on INDESIT IS41V Compact Vented Tumble Dryer in Brighton Haywards Heath Worthing Southwick, Storrington or Horsham Sussex? Have a huge selection of tumble dryers on display. Buy online or visit in store. Hundreds of models in stock, ready for d",
    "specifications": {
      "capacity": "4",
      "energy_rating": "B"
    },
    "in_stock": true,
    "warranty": "12 months",
    "installation_available": true,
    "scraped_at": "2025-06-19T16:35:07.871778",
    "category": "tumble-dryers",
    "subcategory": "freestanding",
    "features": [
      "TUMBLE DRYER Compact Vented 4kg",
      "Weight: 25.00kg",
      "Colour: White",
      "(Up to) 4kg Load TumbleDryer",
      "Energy Rating"
    ],
    "images": [
      "https://www.cartersdirect.co.uk/media/catalog/product/cache/9863e674de07746d469f166832d7da23/n/i/nis41v0.jpg",
      "https://www.cartersdirect.co.uk/media/catalog/product/cache/ea8396ccd1fe3eb6e08c74c7e37143a5/n/i/nis41v0.jpg",
      "https://www.cartersdirect.co.uk/media/catalog/product/cache/ea8396ccd1fe3eb6e08c74c7e37143a5/n/i/nis41v.jpg",
      "https://www.cartersdirect.co.uk/media/catalog/product/cache/ea8396ccd1fe3eb6e08c74c7e37143a5/n/i/nis41v4.jpg",
      "https://www.cartersdirect.co.uk/media/catalog/product/cache/ea8396ccd1fe3eb6e08c74c7e37143a5/n/i/nis41v0_1_.jpg"
    ],
    "dimensions": "670mm (h)  x \n    490mm (w)  x \n    490mm (d)",
    "model": "NIS41V",
    "url": "https://www.cartersdirect.co.uk/indesit-nis41v.html"
  },
  {
    "id": "statesman-tvm07w-freestanding-vented-tumble-dryer",
    "name": "Statesman TVM07W Freestanding Vented Tumble Dryer",
    "brand": "Statesman",
    "price": 209.99,
    "currency": "GBP",
    "description": "Best price on Statesman in Brighton, Haywards Heath, Worthing, Storrington and Horsham Sussex? We have a huge selection  on display. Buy online or visit in store for Statesman TVM07W 7kg vented sensor tumble dryer white",
    "specifications": {
      "capacity": "7",
      "energy_rating": "B"
    },
    "in_stock": true,
    "warranty": "12 months",
    "installation_available": true,
    "scraped_at": "2025-06-19T16:35:07.871814",
    "category": "tumble-dryers",
    "subcategory": "vented",
    "features": [
      "7kg Vented Tumble Dryer White",
      "Colour: White",
      "7kg Load TumbleDryer",
      "Energy Rating",
      "2 Yr Warranty"
    ],
    "images": [
      "https://www.cartersdirect.co.uk/media/catalog/product/cache/9863e674de07746d469f166832d7da23/p/i/pikapak_tvm07w_a20240710-1653-199qgff.jpg",
      "https://www.cartersdirect.co.uk/media/catalog/product/cache/ea8396ccd1fe3eb6e08c74c7e37143a5/p/i/pikapak_tvm07w_a20240710-1653-199qgff.jpg",
      "https://www.cartersdirect.co.uk/media/catalog/product/cache/ea8396ccd1fe3eb6e08c74c7e37143a5/p/i/pikapak_tvm07w_e20240710-1653-1i8nb12.jpg",
      "https://www.cartersdirect.co.uk/media/catalog/product/cache/ea8396ccd1fe3eb6e08c74c7e37143a5/p/i/pikapak_tvm07w_b20240710-1653-1np7m67.jpg",
      "https://www.cartersdirect.co.uk/media/catalog/product/cache/ea8396ccd1fe3eb6e08c74c7e37143a5/p/i/pikapak_tvm07w_c20240710-1653-55n71s.jpg"
    ],
    "dimensions": "840mm (h)  x \n    595mm (w)  x \n    555mm (d)",
    "model": "TVM07W",
    "url": "https://www.cartersdirect.co.uk/statesman-tvm07w.html"
  },
  {
    "id": "indesit-ecotime-iwdd-7123-washer-dryer",
    "name": "Indesit Ecotime IWDD 7123 Washer Dryer",
    "brand": "Indesit",
    "price": null,
    "currency": "GBP",
    "description": "Indesit Ecotime IWDD 7123 Washer DryerKey Features at a Glance This Indesit freestanding Washer Dryer features: white colour and a 7kg drum. Washing capacity (kg): 7Drying capacity (kg): 5Spin Speed (rpm): 1200Type: Free-standing Make an Enquiry £???.??",
    "specifications": {
      "capacity": "7",
      "energy_rating": "d"
    },
    "in_stock": true,
    "warranty": "12 months",
    "installation_available": true,
    "scraped_at": "2025-06-19T15:31:31.836116",
    "category": "tumble-dryers",
    "subcategory": "freestanding",
    "features": []
  },
  {
    "id": "beko-freestanding-white-7kg-vented-tumble-dryer-dr",
    "name": "Beko Freestanding White 7kg Vented Tumble Dryer DRVS73",
    "brand": "Beko",
    "price": 270.0,
    "currency": "GBP",
    "description": "Beko Freestanding White 7kg Vented Tumble Dryer DRVS73Key Features at a Glance This condenser dryer’s 8kg load capacity allows you to dry larger items with ease. It can also prevent the over-drying of clothes with sensor programmes, which stop the cycle when the optimal dryness level has been reached. Make an Enquiry £270.00",
    "specifications": {
      "capacity": "7",
      "energy_rating": "B"
    },
    "in_stock": true,
    "warranty": "12 months",
    "installation_available": true,
    "scraped_at": "2025-06-19T15:31:31.838126",
    "category": "tumble-dryers",
    "subcategory": "freestanding",
    "features": [
      "drying of clothes with sensor program",
      "which stop the cycle"
    ]
  },
  {
    "id": "hotpoint-biwmhg71483ukn-integrated-washing-machine",
    "name": "Hotpoint BIWMHG71483UKN Integrated Washing Machine",
    "brand": "Hotpoint",
    "price": 419.99,
    "currency": "GBP",
    "description": "Best price on Hotpoint BIWMHG71483UKN Built In 7Kg 1400 Washer, D Energy, Antistain 100/ Quick in Brighton Haywards Heath Worthing Southwick, Storrington or Horsham Sussex? Have a huge selection of built in washing machines on display. Buy online o",
    "specifications": {
      "capacity": "7",
      "spin_speed": "1400",
      "energy_rating": "B"
    },
    "in_stock": false,
    "warranty": "12 months",
    "installation_available": true,
    "scraped_at": "2025-06-19T16:35:07.871110",
    "category": "washing-machines",
    "subcategory": "integrated",
    "features": [
      "BUILT IN 1400Spin 7Kg WASHING MACHINE",
      "Colour: Integrated, Door Panel Ready",
      "16 Programmes programmes",
      "1400rpm spinspeed",
      "7kg load WashingMachine"
    ],
    "images": [
      "https://www.cartersdirect.co.uk/media/catalog/product/cache/9863e674de07746d469f166832d7da23/h/o/hot-biwmhg71483ukna.jpg",
      "https://www.cartersdirect.co.uk/media/catalog/product/cache/ea8396ccd1fe3eb6e08c74c7e37143a5/h/o/hot-biwmhg71483ukna.jpg",
      "https://www.cartersdirect.co.uk/media/catalog/product/cache/ea8396ccd1fe3eb6e08c74c7e37143a5/h/o/hot-biwmhg71483uknb.jpg",
      "https://www.cartersdirect.co.uk/media/catalog/product/cache/ea8396ccd1fe3eb6e08c74c7e37143a5/h/o/hot-biwmhg71483uknc.jpg",
      "https://www.cartersdirect.co.uk/media/catalog/product/cache/ea8396ccd1fe3eb6e08c74c7e37143a5/i/m/image_1__2.jpg"
    ],
    "dimensions": "815mm (h)  x \n    595mm (w)  x \n    545mm (d)",
    "model": "BIWMHG71483UKN",
    "url": "https://www.cartersdirect.co.uk/hotpoint-biwmhg71483ukn.html"
  },
  {
    "id": "cda-ci327-integrated-washing-machine",
    "name": "CDA CI327 Integrated Washing Machine",
    "brand": "Cda",
    "price": 399.99,
    "currency": "GBP",
    "description": "Best price on CDA CI327 Laundry Integrated Washing Machine, 1400 Spin Speed, 7Kg Wash Load in Brighton Haywards Heath Worthing Southwick, Storrington or Horsham Sussex? Have a huge selection of built in washing machines on display. Buy online or visit in",
    "specifications": {
      "capacity": "7",
      "spin_speed": "1400",
      "energy_rating": "B"
    },
    "in_stock": false,
    "warranty": "12 months",
    "installation_available": true,
    "scraped_at": "2025-06-19T16:35:07.871238",
    "category": "washing-machines",
    "subcategory": "integrated",
    "features": [
      "Built In 1400spin 7kg Washing Machine",
      "Colour: Integrated, Door Panel Ready",
      "16 programmes programmes",
      "1400rpm spinspeed",
      "76 (db) Noise level Spinning"
    ],
    "images": [
      "https://www.cartersdirect.co.uk/media/catalog/product/cache/9863e674de07746d469f166832d7da23/1/_/1_5_5.png",
      "https://www.cartersdirect.co.uk/media/catalog/product/cache/ea8396ccd1fe3eb6e08c74c7e37143a5/1/_/1_5_5.png",
      "https://www.cartersdirect.co.uk/media/catalog/product/cache/ea8396ccd1fe3eb6e08c74c7e37143a5/2/_/2_1_1.jpg"
    ],
    "dimensions": "830mm (h)  x \n    600mm (w)  x \n    540mm (d)",
    "model": "CDACI327",
    "url": "https://www.cartersdirect.co.uk/cda-ci327.html"
  },
  {
    "id": "beko-bdfn15430w-freestanding-full-size-dishwasher",
    "name": "Beko BDFN15430W Freestanding Full Size Dishwasher",
    "brand": "Beko",
    "price": 369.98,
    "currency": "GBP",
    "description": "Best price on Beko in Brighton, Haywards Heath, Worthing, Storrington and Horsham Sussex? We have a huge selection  on display. Buy online or visit in store for Beko BDFN15430W Dishwasher, 14 Place Settings, White, D Rated",
    "specifications": {
      "energy_rating": "B"
    },
    "in_stock": false,
    "warranty": "12 months",
    "installation_available": true,
    "scraped_at": "2025-06-19T16:35:07.871907",
    "category": "washing-machines",
    "subcategory": "freestanding",
    "features": [
      "Freestanding Dishwasher 14 place settings, Full-size",
      "Colour: White",
      "47db max noise level",
      "14 place settings",
      "Up to 24 hours delay start"
    ],
    "images": [
      "https://www.cartersdirect.co.uk/media/catalog/product/cache/2507de11771ab37649b9670b685b4804/7/6/7634102677-lo1-20220406-140715.png",
      "https://www.cartersdirect.co.uk/media/catalog/product/cache/9e2a38e914bb923a9a15384fca3c72aa/7/6/7634102677-lo1-20220406-140715.png",
      "https://www.cartersdirect.co.uk/media/catalog/product/cache/af85501193b0efd96f500780fdc0a4e0/7/6/7634102677-lo2-20220406-140751.png",
      "https://www.cartersdirect.co.uk/media/catalog/product/cache/ea8396ccd1fe3eb6e08c74c7e37143a5/7/6/7634102677-bulk-oth-20210414-111742.png",
      "https://www.cartersdirect.co.uk/media/catalog/product/cache/3c5f203ed6d53cd575fd980f871e4abc/7/6/7634102677-lo1-20210712-151114.png"
    ],
    "dimensions": "850mm (h)  x \n    598mm (w)  x \n    600mm (d)",
    "model": "BDFN15430W",
    "url": "https://www.cartersdirect.co.uk/beko-bdfn15430w.html"
  },
  {
    "id": "bosch-sps2ikw01g-freestanding-slimline-dishwasher",
    "name": "Bosch SPS2IKW01G Freestanding Slimline Dishwasher",
    "brand": "Bosch",
    "price": 449.0,
    "currency": "GBP",
    "description": "Best price on Bosch in Brighton, Haywards Heath, Worthing, Storrington and Horsham Sussex? We have a huge selection  on display. Buy online or visit in store for Bosch SPS2IKW01G (A) Slimline Dishwasher, 5 Programmes, Vario Baskets, 4 Options, 48Db, 9.5L,",
    "specifications": {
      "energy_rating": "B"
    },
    "in_stock": true,
    "warranty": "12 months",
    "installation_available": true,
    "scraped_at": "2025-06-19T16:35:07.871972",
    "category": "washing-machines",
    "subcategory": "freestanding",
    "features": [
      "Free-standing dishwasher, 45cm wide white",
      "48db max noise level",
      "9.5 Litres per cycle water consumption",
      "Up to 24 hours delay start",
      "45cm Dishwasher Slimline"
    ],
    "images": [
      "https://www.cartersdirect.co.uk/media/catalog/product/cache/5083ff0d99b7f17e32b37f10f83be428/s/p/sps2ikw01g_product_image_standard__600x600px_1.png",
      "https://www.cartersdirect.co.uk/media/catalog/product/cache/2bfbd8c7aacf1bfa02c63b08131b0a42/s/p/sps2ikw01g_product_image_standard__600x600px_1.png",
      "https://www.cartersdirect.co.uk/media/catalog/product/cache/1f083b3063bded1e70efdb6cd018359a/s/p/sps2ikw01g_product_image_gallery__600x600px_2.png",
      "https://www.cartersdirect.co.uk/media/catalog/product/cache/e08b223378d4c4e79617820fa5a9920d/s/p/sps2ikw01g_autolink_pga_600x600px_4.png",
      "https://www.cartersdirect.co.uk/media/catalog/product/cache/1944ea4973f42a4454d2881c890469f7/s/p/sps2ikw01g_autolink_pga_600x600px_3.png"
    ],
    "dimensions": "845mm (h)  x \n    450mm (w)  x \n    600mm (d)",
    "model": "SPS2IKW01G",
    "url": "https://www.cartersdirect.co.uk/bosch-sps2ikw01g.html"
  },
  {
    "id": "indesit-dsio3t224ezukn-integrated-slimline-dishwasher",
    "name": "Indesit DSIO3T224EZUKN Integrated Slimline Dishwasher",
    "brand": "Indesit",
    "price": 369.99,
    "currency": "GBP",
    "description": "AEG to Hotpoint and Zanussi. All domestic appliance top brands supplied, delivered and installed to Sussex and lower Surrey.",
    "specifications": {
      "energy_rating": "B"
    },
    "in_stock": false,
    "warranty": "12 months",
    "installation_available": true,
    "scraped_at": "2025-06-19T16:35:07.872072",
    "category": "washing-machines",
    "subcategory": "integrated",
    "features": [
      "DISHWASHER FULLY INTEGRATED-SLIMLINE",
      "Colour: Model fits behind cabinet door",
      "10 place settings",
      "45cm Dishwasher Slimline",
      "Energy Rating"
    ],
    "images": [
      "https://www.cartersdirect.co.uk/media/catalog/product/cache/d3c9ba7073666afdc7fd99b4b89adc9b/6/1/61g1bdjrffl._ac_sl1500__1.jpg",
      "https://www.cartersdirect.co.uk/media/catalog/product/cache/ce26b6a4cf91297c3896978f5f5dff5c/6/1/61g1bdjrffl._ac_sl1500__1.jpg",
      "https://www.cartersdirect.co.uk/media/catalog/product/cache/53f370355d950c5e7d673774e69ad764/6/1/61syh5b1fil._ac_sl1500__1.jpg",
      "https://www.cartersdirect.co.uk/media/catalog/product/cache/6a18b4d7cbeaab00e4564751ae53c698/7/1/71dk955ajzl._ac_sl1500__1.jpg",
      "https://www.cartersdirect.co.uk/media/catalog/product/cache/53f370355d950c5e7d673774e69ad764/7/1/7188nuwwp7l._ac_sl1500__1.jpg"
    ],
    "dimensions": "820mm (h)  x \n    448mm (w)  x \n    555mm (d)",
    "model": "DSIO3T224EZUKN",
    "url": "https://www.cartersdirect.co.uk/indesit-dsio3t224ezukn.html"
  },
  {
    "id": "hotpoint-biwmhg71284-7kg-1200rpm-integrated-washin",
    "name": "Hotpoint BIWMHG71284 7kg 1200rpm Integrated Washing Machine",
    "brand": "Hotpoint",
    "price": 450.0,
    "currency": "GBP",
    "description": "£450.00 Hotpoint BIWMHG71284 7kg 1200rpm Integrated Washing MachineKey Features at a Glance 7kg Wash load capacity and 5kg drying load capacity.Anti Stain 100 – It takes care of your clothes with Antistain 100 cycle, by removing more than 100 stains at only 40° in one wash without pre-treatment.Anti Stain Quick – Remove more than 30 natural stains @40 without pre treatment in just 45’*. (results obtained on cotton).Woolmark – Care for your woollens with a delicate wash programme that ensures a perfect clean whilst protecting the fabric’s softness. Make an Enquiry",
    "specifications": {
      "capacity": "7",
      "spin_speed": "1200",
      "wash_capacity": "7",
      "dry_capacity": "5",
      "energy_rating": "B"
    },
    "in_stock": true,
    "warranty": "12 months",
    "installation_available": true,
    "scraped_at": "2025-06-19T15:31:31.836368",
    "category": "washing-machines",
    "subcategory": "integrated",
    "features": [
      "Care for your woollens with a delicate wash program"
    ]
  },
  {
    "id": "beko-freestanding-a-8kg-1400rpm-washing-machine-wt",
    "name": "Beko Freestanding A 8kg 1400rpm Washing Machine WTB841R2",
    "brand": "Beko",
    "price": 330.0,
    "currency": "GBP",
    "description": "Beko Freestanding A 8kg 1400rpm Washing Machine WTB841R2Key Features at a Glance This slim depth washing machine can wash a full 8kg load in just 28 minutes, speeding up your everyday wash. Its Fast+ function can also shorten the length of other programmes, saving you even more time and money. Make an Enquiry £330.00",
    "specifications": {
      "capacity": "8",
      "spin_speed": "1400",
      "energy_rating": "B"
    },
    "in_stock": true,
    "warranty": "12 months",
    "installation_available": true,
    "scraped_at": "2025-06-19T15:31:31.836742",
    "category": "washing-machines",
    "subcategory": "freestanding",
    "features": [
      "function can also shorten the length of other program"
    ]
  },
  {
    "id": "bosch-serie-2-automatic-washing-machine-wab28161gb",
    "name": "Bosch Serie | 2 Automatic Washing Machine- WAB28161GB",
    "brand": "Bosch",
    "price": 380.0,
    "currency": "GBP",
    "description": "Bosch Serie | 2 Automatic Washing Machine- WAB28161GBKey Features at a Glance Automatic washing machine with EcoSilence Drive™: quiet operation and durability that you can rely on. EcoSilence Drive™: extremely energy-efficient and quiet in operation with a 10-year warranty.VarioPerfect™: takes 65% less time or uses 50% less energy – delivers total flexibility.ActiveWater™: saves water and costs thanks to a 2-step automatic load adjustment system.Easy operation with LED-Display and convenient control dial.Noise Level 53dB/74dB: quiet washing and spinning. Make an Enquiry £380.00",
    "specifications": {
      "energy_rating": "B",
      "noise_level": "53"
    },
    "in_stock": true,
    "warranty": "12 months",
    "installation_available": true,
    "scraped_at": "2025-06-19T15:31:31.837406",
    "category": "washing-machines",
    "subcategory": "unknown",
    "features": [
      "step automatic load adjustment system",
      "quiet operation",
      "Automatic",
      "automatic"
    ]
  },
  {
    "id": "beko-integrated-7kg-washing-machine-wir725451",
    "name": "Beko Integrated 7kg Washing Machine WIR725451",
    "brand": "Beko",
    "price": 379.0,
    "currency": "GBP",
    "description": "£379.00 Beko Integrated 7kg Washing Machine WIR725451Key Features at a Glance This integrated washing machine allows you to wash a full 7kg load in just 28 minutes, speeding up your everyday wash. To save you even more time, other programme durations can also be cut down with our Fast+ function. Make an Enquiry",
    "specifications": {
      "capacity": "7",
      "wash_capacity": "7",
      "energy_rating": "B"
    },
    "in_stock": true,
    "warranty": "12 months",
    "installation_available": true,
    "scraped_at": "2025-06-19T15:31:31.837827",
    "category": "washing-machines",
    "subcategory": "integrated",
    "features": [
      "other program"
    ]
  },
  {
    "id": "bosch-serie-4-automatic-washing-machine",
    "name": "Bosch Serie | 4 Automatic Washing Machine",
    "brand": "Bosch",
    "price": null,
    "currency": "GBP",
    "description": "£???.?? Bosch Serie | 4 Automatic Washing MachineKey Features at a Glance Automatic washing machine with EcoSilence Drive™: quiet operation and durability that you can rely on. EcoSilence Drive™: extremely energy-efficient and quiet in operation with a 10-year warranty.VarioPerfect™: takes 65% less time or uses 50% less energy – delivers total flexibility.ActiveWater™: saves water and costs thanks to a 2-step automatic load adjustment system.Easy operation with LED-Display and convenient control dial.Noise Level 53dB/74dB: quiet washing and spinning. Make an Enquiry",
    "specifications": {
      "energy_rating": "B",
      "noise_level": "53"
    },
    "in_stock": true,
    "warranty": "12 months",
    "installation_available": true,
    "scraped_at": "2025-06-19T15:31:31.838547",
    "category": "washing-machines",
    "subcategory": "unknown",
    "features": [
      "step automatic load adjustment system",
      "quiet operation",
      "Automatic",
      "automatic"
    ]
  },
  {
    "id": "statesman-biw0814",
    "name": "Statesman BIW0814",
    "brand": "Statesman",
    "price": 399.99,
    "currency": "GBP",
    "description": "Best price on Statesman in Brighton, Haywards Heath, Worthing, Storrington and Horsham Sussex? We have a huge selection  on display. Buy online or visit in store for Statesman BIW0814 8Kg 1400Rpm Built-In Washing Machine White",
    "specifications": {
      "capacity": "8",
      "spin_speed": "1400",
      "energy_rating": "B"
    },
    "in_stock": false,
    "warranty": "12 months",
    "installation_available": true,
    "scraped_at": "2025-06-19T16:35:07.871188",
    "category": "appliances",
    "subcategory": "unknown",
    "features": [
      "8kg 1400rpm Built-In Washing Machine",
      "Colour: Integrated, Door Panel Ready",
      "1400rpm spinspeed",
      "Up to 24 hours delay start",
      "8kg load WashingMachine"
    ],
    "images": [
      "https://www.cartersdirect.co.uk/media/catalog/product/cache/fda2a0b0e66d424465553b3926183383/6/1/61g15v_7ail._ac_sl1500_.jpg",
      "https://www.cartersdirect.co.uk/media/catalog/product/cache/09edb489bcef1dcd68e31d788d38b616/6/1/61g15v_7ail._ac_sl1500_.jpg"
    ],
    "dimensions": "825mm (h)  x \n    595mm (w)  x \n    540mm (d)",
    "model": "BIW0814",
    "url": "https://www.cartersdirect.co.uk/statesman-biw0814.html"
  },
  {
    "id": "beko-wdl742441w-freestanding-washer-dryer",
    "name": "Beko WDL742441W Freestanding Washer Dryer",
    "brand": "Beko",
    "price": 409.0,
    "currency": "GBP",
    "description": "Best price on Beko WDL742441W 7Kg/4Kg 1200 Spin Washer Dryer - White - E/D Energy Rated in Brighton Haywards Heath Worthing Southwick, Storrington or Horsham Sussex? Have a huge selection of Washer Dryers on display. Buy online or visit in store. Hundreds",
    "specifications": {
      "capacity": "7",
      "spin_speed": "1200",
      "energy_rating": "B",
      "wash_capacity": "7",
      "dry_capacity": "4"
    },
    "in_stock": true,
    "warranty": "12 months",
    "installation_available": true,
    "scraped_at": "2025-06-19T16:35:07.871529",
    "category": "washer-dryers",
    "subcategory": "freestanding",
    "features": [
      "Guaranteed lowest UK price! High Street or Online",
      "WASHER DRYER-1200rpm spin 7kg/4kg load capacity",
      "Colour: White",
      "15 Programmes programmes",
      "1200rpm spinspeed"
    ],
    "images": [
      "https://www.cartersdirect.co.uk/media/catalog/product/cache/ece6e89075e6e3107b2f9b4ffbff10b8/0/0/009wdl742441w_main.png",
      "https://www.cartersdirect.co.uk/media/catalog/product/cache/1ad9f4a72622ddbdbd1e0eb978046e49/0/0/009wdl742441w_main.png",
      "https://www.cartersdirect.co.uk/media/catalog/product/cache/a813d33f3e7a1b1a2c7eaa8055541547/0/0/009wdl742441w_2.png",
      "https://www.cartersdirect.co.uk/media/catalog/product/cache/1790f5b9db6d26cb37ee5563569fc47c/0/0/009wdl742441w_1.png",
      "https://www.cartersdirect.co.uk/media/catalog/product/cache/f7b92205c9c431d5bfe084794a909cd5/e/d/ed.png"
    ],
    "dimensions": "840mm (h)  x \n    600mm (w)  x \n    490mm (d)",
    "model": "WDL742441W",
    "url": "https://www.cartersdirect.co.uk/beko-wdl742441w.html"
  },
  {
    "id": "indesit-ewde761483w-freestanding-washer-dryer",
    "name": "Indesit EWDE761483W Freestanding Washer Dryer",
    "brand": "Indesit",
    "price": 399.99,
    "currency": "GBP",
    "description": "Best price on Indesit in Brighton, Haywards Heath, Worthing, Storrington and Horsham Sussex? We have a huge selection  on display. Buy online or visit in store for Indesit EWDE761483W Uk 869991668710 Washer-Dryers D/C, 7+6Kg, 1400 Rpm, White",
    "specifications": {
      "capacity": "7",
      "spin_speed": "1400",
      "energy_rating": "B",
      "wash_capacity": "7",
      "dry_capacity": "6"
    },
    "in_stock": false,
    "warranty": "12 months",
    "installation_available": true,
    "scraped_at": "2025-06-19T16:35:07.871613",
    "category": "washer-dryers",
    "subcategory": "freestanding",
    "features": [
      "Washer Dryer in White 1400rpm 7kg/6kg D Rated",
      "Colour: White",
      "1400rpm spinspeed",
      "78 (dB) Noise level Spinning",
      "6kg drying capacity"
    ],
    "images": [
      "https://www.cartersdirect.co.uk/media/catalog/product/cache/9863e674de07746d469f166832d7da23/i/m/image_4_5.jpg",
      "https://www.cartersdirect.co.uk/media/catalog/product/cache/ea8396ccd1fe3eb6e08c74c7e37143a5/i/m/image_4_5.jpg",
      "https://www.cartersdirect.co.uk/media/catalog/product/cache/ea8396ccd1fe3eb6e08c74c7e37143a5/i/m/image_2__5_3.jpg",
      "https://www.cartersdirect.co.uk/media/catalog/product/cache/ea8396ccd1fe3eb6e08c74c7e37143a5/i/m/image_1__5_6.jpg",
      "https://www.cartersdirect.co.uk/media/catalog/product/cache/ea8396ccd1fe3eb6e08c74c7e37143a5/i/m/image_3__4_10.jpg"
    ],
    "dimensions": "850mm (h)  x \n    595mm (w)  x \n    535mm (d)",
    "model": "EWDE761483W",
    "url": "https://www.cartersdirect.co.uk/indesit-ewde761483w.html"
  },
  {
    "id": "indesit-bde86436xwukn-freestanding-washer-dryer",
    "name": "Indesit BDE86436XWUKN Freestanding Washer Dryer",
    "brand": "Indesit",
    "price": 419.99,
    "currency": "GBP",
    "description": "Best price on Indesit BDE86436XWUKN Washer Dryers 8Kg Dry , 6Kg Dry 1400Spin White  in Brighton, Haywards Heath, Worthing, Southwick, Storrington or Horsham Sussex? Have a huge selection of washer dryers on display. Buy online or visit in store.",
    "specifications": {
      "capacity": "8",
      "spin_speed": "1400",
      "energy_rating": "B"
    },
    "in_stock": false,
    "warranty": "12 months",
    "installation_available": true,
    "scraped_at": "2025-06-19T16:35:07.871674",
    "category": "washer-dryers",
    "subcategory": "freestanding",
    "features": [
      "Freestanding 1400spin 8kg Wash 6kg Dry Washer Dryer",
      "Colour: White",
      "1400rpm spinspeed",
      "75 (dB) Noise level Spinning",
      "6kg drying capacity"
    ],
    "images": [
      "https://www.cartersdirect.co.uk/media/catalog/product/cache/9863e674de07746d469f166832d7da23/g/_/g_3_6.png",
      "https://www.cartersdirect.co.uk/media/catalog/product/cache/ea8396ccd1fe3eb6e08c74c7e37143a5/g/_/g_3_6.png",
      "https://www.cartersdirect.co.uk/media/catalog/product/cache/ea8396ccd1fe3eb6e08c74c7e37143a5/g/g/gg_2_1.png",
      "https://www.cartersdirect.co.uk/media/catalog/product/cache/ea8396ccd1fe3eb6e08c74c7e37143a5/h/h/hh_5_9.png",
      "https://www.cartersdirect.co.uk/media/catalog/product/cache/ea8396ccd1fe3eb6e08c74c7e37143a5/h/h/hhh_4_16.png"
    ],
    "dimensions": "850mm (h)  x \n    595mm (w)  x \n    540mm (d)",
    "model": "BDE86436XWUKN",
    "url": "https://www.cartersdirect.co.uk/indesit-bde86436xwukn.html"
  },
  {
    "id": "hotpoint-du2540bl-built-under-double-oven",
    "name": "Hotpoint DU2540BL Built Under Double Oven",
    "brand": "Hotpoint",
    "price": 409.99,
    "currency": "GBP",
    "description": "Best price onHotpoint DU2540BL Hotpoint Double Built Under Electric Oven in Brighton Haywards Heath Worthing Southwick, Storrington or Horsham Sussex? Have a huge selection of built under ovens on display. Buy online or visit in store. Hundreds of models",
    "specifications": {
      "energy_rating": "B"
    },
    "in_stock": false,
    "warranty": "12 months",
    "installation_available": true,
    "scraped_at": "2025-06-19T16:35:07.872131",
    "category": "ovens",
    "subcategory": "double",
    "features": [
      "Double Built Under Electric Oven",
      "Black DOUBLE BLT-UNDER COUNTER OVEN",
      "Colour: Black",
      "Conventional Oven (secondary)",
      "Fan Assisted Oven (main)"
    ],
    "images": [
      "https://www.cartersdirect.co.uk/media/catalog/product/cache/9863e674de07746d469f166832d7da23/d/u/du2540bl_1.jpg",
      "https://www.cartersdirect.co.uk/media/catalog/product/cache/ea8396ccd1fe3eb6e08c74c7e37143a5/d/u/du2540bl_1.jpg",
      "https://www.cartersdirect.co.uk/media/catalog/product/cache/ea8396ccd1fe3eb6e08c74c7e37143a5/d/u/du2540bl.alt4.jpg",
      "https://www.cartersdirect.co.uk/media/catalog/product/cache/ea8396ccd1fe3eb6e08c74c7e37143a5/d/u/du2540bl.jpg",
      "https://www.cartersdirect.co.uk/media/catalog/product/cache/ea8396ccd1fe3eb6e08c74c7e37143a5/d/u/du2540bl.alt3.jpg"
    ],
    "dimensions": "720mm (h)  x \n    597mm (w)  x \n    578mm (d)",
    "model": "DU2540BL",
    "url": "https://www.cartersdirect.co.uk/hotpoint-du2540bl.html"
  },
  {
    "id": "beko-cify71w-built-in-single-oven",
    "name": "Beko CIFY71W Built In Single Oven",
    "brand": "Beko",
    "price": 199.0,
    "currency": "GBP",
    "description": "Best price on Beko CIFY71W Built In Electric Single Oven - White - A Energy Rated in Brighton Haywards Heath Worthing Southwick, Storrington or Horsham Sussex? Have a huge selection of built in ovens on display. Buy online or visit in store. Hundreds of m",
    "specifications": {
      "capacity": "70",
      "energy_rating": "B"
    },
    "in_stock": true,
    "warranty": "12 months",
    "installation_available": true,
    "scraped_at": "2025-06-19T16:35:07.872204",
    "category": "ovens",
    "subcategory": "single",
    "features": [
      "Guaranteed lowest UK price! High Street or Online",
      "SINGLE BLT-IN OVEN-MULTIFUNCTION-White",
      "Weight: 28.70kg",
      "Colour: White",
      "Multifunction oven-5 Functions"
    ],
    "images": [
      "https://www.cartersdirect.co.uk/media/catalog/product/cache/b8579c816ad09bc531869055a9f2f9b7/0/0/009cify71w_main.png",
      "https://www.cartersdirect.co.uk/media/catalog/product/cache/ea8396ccd1fe3eb6e08c74c7e37143a5/0/0/009cify71w_main.png",
      "https://www.cartersdirect.co.uk/media/catalog/product/cache/d4d1eb2f77796e42c78f7e0d8e35e233/0/0/009cify71w_04.png",
      "https://www.cartersdirect.co.uk/media/catalog/product/cache/e2dc2ad74a9cb4216a6834bb7d417861/0/0/009cify71w_05.png"
    ],
    "dimensions": "595mm (h)  x \n    594mm (w)  x \n    567mm (d)",
    "model": "CIFY71W",
    "url": "https://www.cartersdirect.co.uk/beko-cify71w.html"
  },
  {
    "id": "statesman-bsf60wh-built-in-single-oven",
    "name": "Statesman BSF60WH Built In Single Oven",
    "brand": "Statesman",
    "price": 199.99,
    "currency": "GBP",
    "description": "Best price on Statesman in Brighton, Haywards Heath, Worthing, Storrington and Horsham Sussex? We have a huge selection  on display. Buy online or visit in store for Statesman BSF60WH Built In Single Oven 65 Litre Net White",
    "specifications": {
      "energy_rating": "B"
    },
    "in_stock": true,
    "warranty": "12 months",
    "installation_available": true,
    "scraped_at": "2025-06-19T16:35:07.872247",
    "category": "ovens",
    "subcategory": "single",
    "features": [
      "SINGLE BLT-IN OVEN-MULTIFUNCTION-White",
      "Colour: White",
      "65lt net litres capacity",
      "Multi Function Fan Assisted Oven",
      "Energy Rating"
    ],
    "images": [
      "https://www.cartersdirect.co.uk/media/catalog/product/cache/9863e674de07746d469f166832d7da23/p/i/pikapak_bsf60wh_a_06102120240502-1653-7x6v3u_1_.jpg",
      "https://www.cartersdirect.co.uk/media/catalog/product/cache/ea8396ccd1fe3eb6e08c74c7e37143a5/p/i/pikapak_bsf60wh_a_06102120240502-1653-7x6v3u_1_.jpg",
      "https://www.cartersdirect.co.uk/media/catalog/product/cache/ea8396ccd1fe3eb6e08c74c7e37143a5/p/i/pikapak_bsf60wh_b20240502-1653-bpbn88.jpg",
      "https://www.cartersdirect.co.uk/media/catalog/product/cache/ea8396ccd1fe3eb6e08c74c7e37143a5/p/i/pikapak_bsf60wh_a_06102120240502-1653-7x6v3u.jpg"
    ],
    "dimensions": "595mm (h)  x \n    595mm (w)  x \n    575mm (d)",
    "model": "BSF60WH",
    "url": "https://www.cartersdirect.co.uk/statesman-bsf60wh.html"
  },
  {
    "id": "belling-bel-rca-cookcentre-90e-blk-electric-range-cooker-wit",
    "name": "Belling BEL RCA COOKCENTRE 90E BLK Electric Range Cooker with Ceramic Hob",
    "brand": "Belling",
    "price": 1199.0,
    "currency": "GBP",
    "description": "Best price on Belling in Brighton, Haywards Heath, Worthing, Storrington and Horsham Sussex? We have a huge selection  on display. Buy online or visit in store for Belling BEL RCA COOKCENTRE 90E BLK 90Cm Range Cooker E Ceramic Black 444411791",
    "specifications": {
      "energy_rating": "B"
    },
    "in_stock": false,
    "warranty": "12 months",
    "installation_available": true,
    "scraped_at": "2025-06-19T16:35:07.872344",
    "category": "cookers",
    "subcategory": "range",
    "features": [
      "5 Zone Ceramic Hob",
      "90cm Electric Range Cooker-Ceramic Hob",
      "Colour: Black",
      "Right net capacity 81 L",
      "Multifunction Oven"
    ],
    "images": [
      "https://www.cartersdirect.co.uk/media/catalog/product/cache/05039256c443b19f0f90267eaea8e601/4/4/444411791_bel_rca_co-caxsrgzx.jpg",
      "https://www.cartersdirect.co.uk/media/catalog/product/cache/f25187a21099bc7123c4a5b3ec2f3d23/4/4/444411791_bel_rca_co-caxsrgzx.jpg",
      "https://www.cartersdirect.co.uk/media/catalog/product/cache/f25187a21099bc7123c4a5b3ec2f3d23/4/4/444411791_bel_rca_co-1im9b-yg.jpg",
      "https://www.cartersdirect.co.uk/media/catalog/product/cache/f25187a21099bc7123c4a5b3ec2f3d23/4/4/444411791_bel_rca_co-qx2xnmod.jpg",
      "https://www.cartersdirect.co.uk/media/catalog/product/cache/f25187a21099bc7123c4a5b3ec2f3d23/4/4/444411791_bel_rca_co-rivldff0.jpg"
    ],
    "dimensions": "",
    "model": "COOKCENTRE",
    "url": "https://www.cartersdirect.co.uk/belling-bel-rca-cookcentre-90e-blk.html"
  },
  {
    "id": "belling-bel-rca-farmhouse-90e-blk-electric-range-cooker-with",
    "name": "Belling BEL RCA FARMHOUSE 90E BLK Electric Range Cooker with Ceramic Hob",
    "brand": "Belling",
    "price": 1199.0,
    "currency": "GBP",
    "description": "Best price on Belling in Brighton, Haywards Heath, Worthing, Storrington and Horsham Sussex? We have a huge selection  on display. Buy online or visit in store for Belling BEL RCA FARMHOUSE 90E BLK 90Cm Range Cooker Electric 5 Zones Black 444411817",
    "specifications": {
      "energy_rating": "B"
    },
    "in_stock": false,
    "warranty": "12 months",
    "installation_available": true,
    "scraped_at": "2025-06-19T16:35:07.872408",
    "category": "cookers",
    "subcategory": "range",
    "features": [
      "5 Ceramic Zones",
      "90cm Electric Range Cooker-Ceramic Hob",
      "Colour: Black",
      "Top Left 33lt",
      "Right Tall 81lt"
    ],
    "images": [
      "https://www.cartersdirect.co.uk/media/catalog/product/cache/05039256c443b19f0f90267eaea8e601/4/4/444411817_bel_rca_fa-xtv71ugz_1.jpg",
      "https://www.cartersdirect.co.uk/media/catalog/product/cache/f25187a21099bc7123c4a5b3ec2f3d23/4/4/444411817_bel_rca_fa-xtv71ugz_1.jpg",
      "https://www.cartersdirect.co.uk/media/catalog/product/cache/f25187a21099bc7123c4a5b3ec2f3d23/4/4/444411817_bel_rca_fa-4s5ml1rt.jpg",
      "https://www.cartersdirect.co.uk/media/catalog/product/cache/f25187a21099bc7123c4a5b3ec2f3d23/4/4/444411817_bel_rca_fa-jx6iralq.jpg",
      "https://www.cartersdirect.co.uk/media/catalog/product/cache/f25187a21099bc7123c4a5b3ec2f3d23/4/4/444411817_bel_rca_fa-xtnmhvic.jpg"
    ],
    "dimensions": "900mm (h)  x \n    896mm (w)  x \n    600mm (d)",
    "model": "FARMHOUSE",
    "url": "https://www.cartersdirect.co.uk/belling-bel-rca-farmhouse-90e-blk.html"
  },
  {
    "id": "leisure-cs100c510x-range-cooker",
    "name": "Leisure CS100C510X Range Cooker",
    "brand": "Leisure",
    "price": 1179.99,
    "currency": "GBP",
    "description": "Best price on Leisure CS100C510 in Brighton Hayward’s Heath Worthing Southwick or Horsham Sussex? Have a huge selection of Range Cookers on display. Buy online or visit in store. Hundreds of models in stock, ready for delivery and installation.",
    "specifications": {
      "energy_rating": "B"
    },
    "in_stock": false,
    "warranty": "12 months",
    "installation_available": true,
    "scraped_at": "2025-06-19T16:35:07.872473",
    "category": "cookers",
    "subcategory": "range",
    "features": [
      "100cm Electric Range Cooker-Ceramic Hob",
      "Colour: Stainless steel",
      "100cm Range Cooker",
      "Energy Rating"
    ],
    "images": [
      "https://www.cartersdirect.co.uk/media/catalog/product/cache/9863e674de07746d469f166832d7da23/c/s/cs100c510x.jpg",
      "https://www.cartersdirect.co.uk/media/catalog/product/cache/ea8396ccd1fe3eb6e08c74c7e37143a5/c/s/cs100c510x.jpg",
      "https://www.cartersdirect.co.uk/media/catalog/product/cache/ea8396ccd1fe3eb6e08c74c7e37143a5/c/s/cs100c510x.alt1.jpg",
      "https://www.cartersdirect.co.uk/media/catalog/product/cache/ea8396ccd1fe3eb6e08c74c7e37143a5/c/s/cs100c510x.alt2.jpg",
      "https://www.cartersdirect.co.uk/media/catalog/product/cache/ea8396ccd1fe3eb6e08c74c7e37143a5/c/s/cs100c510x.alt3.jpg"
    ],
    "dimensions": "",
    "model": "CS100C510X",
    "url": "https://www.cartersdirect.co.uk/leisure-cs100c510x.html"
  }
]